{
  "name": "net_byfn",
  "description": "Sample network contains 4 peers (2 orgs), 1 orderer and 2 cas for Python SDK testing",
  "version": "0.1",

  "client": {
    "organization": "Org1",
    "credentialStore": {
      "path": "/tmp/hfc-kvs",
      "cryptoStore": {
        "path": "/tmp/hfc-cvs"
      },
      "wallet": "wallet-name"
    }
  },

  "organizations": {
    "orderer.example.com": {
      "mspid": "OrdererMSP",
      "orderers": [
        "orderer.example.com"
      ],
      "certificateAuthorities": [
        "ca-orderer"
      ],
      "users": {
        "Admin": {
          "cert": "crypto-config/ordererOrganizations/example.com/users/Admin@example.com/msp/signcerts/Admin@example.com-cert.pem",
          "private_key": "crypto-config/ordererOrganizations/example.com/users/Admin@example.com/msp/keystore/6cf03e85e3d90e9f31c659f66c2ae511c0f9dabb19628d1932b3d4ee33721470_sk"
        }
      }
    },
    "org1.example.com": {
      "mspid": "Org1MSP",
      "peers": [
        "peer0.org1.example.com",
        "peer1.org1.example.com"
      ],
      "certificateAuthorities": [
        "ca-org1"
      ],
      "users": {
        "Admin": {
          "cert": "crypto-config/peerOrganizations/org1.example.com/users/Admin@org1.example.com/msp/signcerts/Admin@org1.example.com-cert.pem",
          "private_key": "crypto-config/peerOrganizations/org1.example.com/users/Admin@org1.example.com/msp/keystore/7703a28e1e6d04e4f9836b13e152a4c4a7dfc56b0b6a9c13016c39a5327a04a6_sk"
        },
        "User1": {
          "cert": "crypto-config/peerOrganizations/org1.example.com/users/User1@org1.example.com/msp/signcerts/User1@org1.example.com-cert.pem",
          "private_key": "crypto-config/peerOrganizations/org1.example.com/users/User1@org1.example.com/msp/keystore/07eee13cf6eb478848e568db640ef19746ca7797ac0e6de66ada41ada5a61332_sk"
        }
      }
    },
    "org2.example.com": {
      "mspid": "Org2MSP",
      "peers": [
        "peer0.org2.example.com",
        "peer1.org2.example.com"
      ],
      "certificateAuthorities": [
        "ca-org2"
      ],
      "users": {
        "Admin": {
          "cert": "crypto-config/peerOrganizations/org2.example.com/users/Admin@org2.example.com/msp/signcerts/Admin@org2.example.com-cert.pem",
          "private_key": "crypto-config/peerOrganizations/org2.example.com/users/Admin@org2.example.com/msp/keystore/d43ab7668902ea166a1eff546ccc4d449a687a71bc63ae39cf8195ffee36fe89_sk"
        },
        "User1": {
          "cert": "crypto-config/peerOrganizations/org2.example.com/users/User1@org2.example.com/msp/signcerts/User1@org2.example.com-cert.pem",
          "private_key": "crypto-config/peerOrganizations/org2.example.com/users/User1@org2.example.com/msp/keystore/6dabb3cec0b3db63fef93283fb52869d19e0483c24376b9cc1994c49b82c9556_sk"
        }
      }
    }
  },

  "orderers": {
    "orderer.example.com": {
      "url": "localhost:7050",
      "grpcOptions": {
        "grpc.ssl_target_name_override": "orderer.example.com",
        "grpc-max-send-message-length": 15
      },
      "tlsCACerts": {
        "path": "crypto-config/ordererOrganizations/example.com/tlsca/tlsca.example.com-cert.pem"
      }
    }
  },

  "peers": {
    "peer0.org1.example.com": {
      "url": "localhost:7051",
      "eventUrl": "localhost:7053",
      "grpcOptions": {
        "grpc.ssl_target_name_override": "peer0.org1.example.com",
        "grpc.http2.keepalive_time": 15
      },
      "tlsCACerts": {
        "path": "crypto-config/peerOrganizations/org1.example.com/peers/peer0.org1.example.com/msp/tlscacerts/tlsca.org1.example.com-cert.pem"
      }
    },
    "peer1.org1.example.com": {
      "url": "localhost:8051",
      "eventUrl": "localhost:8053",
      "grpcOptions": {
        "grpc.ssl_target_name_override": "peer1.org1.example.com"
      },
      "tlsCACerts": {
        "path": "crypto-config/peerOrganizations/org1.example.com/peers/peer1.org1.example.com/msp/tlscacerts/tlsca.org1.example.com-cert.pem"
      }
    },
    "peer0.org2.example.com": {
      "url": "localhost:9051",
      "eventUrl": "localhost:9053",
      "grpcOptions": {
        "grpc.ssl_target_name_override": "peer0.org2.example.com",
        "grpc.http2.keepalive_time": 15
      },
      "tlsCACerts": {
        "path": "crypto-config/peerOrganizations/org2.example.com/peers/peer0.org2.example.com/msp/tlscacerts/tlsca.org2.example.com-cert.pem"
      }
    },
    "peer1.org2.example.com": {
      "url": "localhost:10051",
      "eventUrl": "localhost:10053",
      "grpcOptions": {
        "grpc.ssl_target_name_override": "peer1.org2.example.com"
      },
      "tlsCACerts": {
        "path": "crypto-config/peerOrganizations/org2.example.com/peers/peer1.org2.example.com/msp/tlscacerts/tlsca.org2.example.com-cert.pem"
      }
    }
  },
  
  "certificateAuthorities": {
    "ca-org1": {
      "url": "https://localhost:7054",
      "grpcOptions": {
        "verify": true
      },
      "tlsCACerts": {
        "path": "crypto-config/peerOrganizations/org1.example.com/ca/org1.example.com-cert.pem"
      },
      "registrar": [
        {
          "enrollId": "admin",
          "enrollSecret": "adminpw"
        }
      ]
    },
    "ca-org2": {
      "url": "https://localhost:8054",
      "grpcOptions": {
        "verify": true
      },
      "tlsCACerts": {
        "path": "crypto-config/peerOrganizations/org2.example.com/ca/org2.example.com-cert.pem"
      },
      "registrar": [
        {
          "enrollId": "admin",
          "enrollSecret": "adminpw"
        }
      ]
    }
  }
}
